{"LR": 0.0025, "epoch": 1000, "wall": 55069.200392083, "cumulative_wall": 55069.200392083, "validation_loss_e": 1.1838535840524855e-07, "validation_loss": 1.1838535840524855e-07, "validation_e/N_mae": 3.970413217757596e-06, "_timestamp": 1657630469, "_runtime": 55077, "_step": 1000, "training_loss_e": 2.0585160598329821e-07, "training_loss": 2.0585160598329821e-07, "training_e/N_mae": 5.709125616704114e-06, "_wandb": {"runtime": 55079}}