{"LR": 0.005, "epoch": 50, "wall": 479.2275974569784, "cumulative_wall": 479.2275974569784, "validation_loss_f": 0.0013285601744428277, "validation_loss_e": 1.9019353203475475e-07, "validation_loss": 0.001328750280663371, "validation_f_mae": 0.000855951861012727, "validation_f_rmse": 0.0013736013788729906, "validation_H_f_mae": 0.0007306478801183403, "validation_B_f_mae": 0.0, "validation_C_f_mae": 0.0009687254787422717, "validation_psavg_f_mae": 0.0005664578056894243, "validation_H_f_rmse": 0.0012566117802634835, "validation_B_f_rmse": 0.0, "validation_C_f_rmse": 0.001470957649871707, "validation_psavg_f_rmse": 0.0009091898682527244, "validation_e_mae": 0.0004965129774063826, "validation_e/N_mae": 1.3066131941741332e-05, "_timestamp": 1659046860, "_runtime": 485, "_step": 50, "training_loss_f": 0.0024706688709557056, "training_loss_e": 6.853248578408966e-06, "training_loss": 0.0024775222409516573, "training_f_mae": 0.0012668060371652246, "training_f_rmse": 0.0018733247416093946, "training_H_f_mae": 0.0009802922140806913, "training_B_f_mae": 0.0, "training_C_f_mae": 0.0015246684197336435, "training_psavg_f_mae": 0.0008349869167432189, "training_H_f_rmse": 0.001597333000972867, "training_B_f_rmse": 0.0, "training_C_f_rmse": 0.002090796362608671, "training_psavg_f_rmse": 0.001229376532137394, "training_e_mae": 0.002978050149977207, "training_e/N_mae": 7.836973964003846e-05, "_wandb": {"runtime": 486}}