{"training_loss_f": 0.00032876705517992377, "validation_f_rmse": 0.0004014763690065593, "validation_B_f_rmse": 0.00028024057974107563, "validation_psavg_f_mae": 0.00018949976947624236, "validation_loss": 0.00011162170994793996, "training_C_f_mae": 0.0005408783908933401, "validation_e_mae": 0.0002578382845968008, "training_B_f_rmse": 0.0005925421719439328, "training_e_mae": 0.0019462192431092264, "validation_psavg_f_rmse": 0.0003672698512673378, "training_f_rmse": 0.0006885186885483563, "validation_loss_f": 0.00011159526911797002, "validation_H_f_mae": 0.00017278859741054475, "validation_e/N_mae": 4.297304712963523e-06, "training_psavg_f_mae": 0.0004556515486910939, "training_loss": 0.00033013749634847045, "training_B_f_mae": 0.0004461625649128109, "training_H_f_mae": 0.0003774142533075064, "training_e/N_mae": 3.2436968467663974e-05, "validation_B_f_mae": 0.00018771205213852227, "validation_C_f_rmse": 0.00039886494050733745, "wall": 242247.250029709, "epoch": 1000, "cumulative_wall": 261413.64892020897, "training_O_f_mae": 0.00045815095654688776, "training_C_f_rmse": 0.0007421741611324251, "validation_O_f_mae": 0.0001968086726265028, "validation_H_f_rmse": 0.0004124542756471783, "validation_O_f_rmse": 0.00037751958006992936, "LR": 0.005, "_runtime": 261383, "_timestamp": 1657815099, "training_H_f_rmse": 0.0006566435331478715, "training_O_f_rmse": 0.0006755315698683262, "validation_loss_e": 2.644463314993573e-08, "validation_C_f_mae": 0.00020068978483323008, "training_psavg_f_rmse": 0.0006667228881269693, "_step": 999, "training_f_mae": 0.0004450252454262227, "training_loss_e": 1.3705171113542749e-06, "validation_f_mae": 0.0001851178385550156, "_wandb": {"runtime": 242252}}