{"LR": 0.005, "epoch": 100, "wall": 4167.760954040999, "cumulative_wall": 4167.760954040999, "validation_loss_f": 0.0005769745912402868, "validation_loss_e": 3.819827441020607e-07, "validation_loss": 0.000577356549911201, "validation_f_mae": 0.0007057171314954758, "validation_f_rmse": 0.0009073791443370283, "validation_H_f_mae": 0.0006232655723579228, "validation_C_f_mae": 0.0007799234008416533, "validation_psavg_f_mae": 0.0007015945157036185, "validation_H_f_rmse": 0.0008012840407900512, "validation_C_f_rmse": 0.0009932218817993999, "validation_psavg_f_rmse": 0.0008972529321908951, "validation_e_mae": 0.0007064954261295497, "validation_e/N_mae": 1.8591987100080587e-05, "_timestamp": 1654279735, "_runtime": 4174, "_step": 100, "training_loss_f": 0.0011257992591708899, "training_loss_e": 1.1845611879834905e-05, "training_loss": 0.0011376447509974241, "training_f_mae": 0.0009777707746252418, "training_f_rmse": 0.0012688545975834131, "training_H_f_mae": 0.0007691743085160851, "training_C_f_mae": 0.0011655081762000918, "training_psavg_f_mae": 0.0009673412423580885, "training_H_f_rmse": 0.0009769113967195153, "training_C_f_rmse": 0.0014832615852355957, "training_psavg_f_rmse": 0.0012300864327698946, "training_e_mae": 0.003957926295697689, "training_e/N_mae": 0.00010415596625534818, "_wandb": {"runtime": 4174}}