{"LR": 0.005, "epoch": 50, "wall": 486.87096600802033, "cumulative_wall": 486.87096600802033, "validation_loss_f": 0.001701290369965136, "validation_loss_e": 1.3687983368981804e-07, "validation_loss": 0.0017014270415529609, "validation_f_mae": 0.0009035217226482928, "validation_f_rmse": 0.0015504142502322793, "validation_H_f_mae": 0.0008095017983578146, "validation_B_f_mae": 0.0, "validation_C_f_mae": 0.0009881400037556887, "validation_psavg_f_mae": 0.0005992139922454953, "validation_H_f_rmse": 0.0015091487439349294, "validation_B_f_rmse": 0.0, "validation_C_f_rmse": 0.001586636179126799, "validation_psavg_f_rmse": 0.00103192834649235, "validation_e_mae": 0.0004109834262635559, "validation_e/N_mae": 1.0815351743076462e-05, "_timestamp": 1659047406, "_runtime": 493, "_step": 50, "training_loss_f": 0.0025784482713788748, "training_loss_e": 4.873444595432375e-06, "training_loss": 0.0025833207182586193, "training_f_mae": 0.0012992994161322713, "training_f_rmse": 0.0019071797141805291, "training_H_f_mae": 0.0010281148133799434, "training_B_f_mae": 0.0, "training_C_f_mae": 0.0015433657681569457, "training_psavg_f_mae": 0.0008571601938456297, "training_H_f_rmse": 0.001611855928786099, "training_B_f_rmse": 0.0, "training_C_f_rmse": 0.0021383785642683506, "training_psavg_f_rmse": 0.0012500782031565905, "training_e_mae": 0.0025145106483250856, "training_e/N_mae": 6.617134204134345e-05, "_wandb": {"runtime": 494}}