{"LR": 0.005, "epoch": 77, "wall": 18919.639854792, "cumulative_wall": 18919.639854792, "validation_loss_f": 0.0007004963117651641, "validation_loss_e": 5.2816307771763604e-08, "validation_loss": 0.0007005492225289345, "validation_f_mae": 0.000565913796890527, "validation_f_rmse": 0.0010047503747045994, "validation_H_f_mae": 0.0005071967025287449, "validation_B_f_mae": 0.0006063320324756205, "validation_C_f_mae": 0.0006308570154942572, "validation_O_f_mae": 0.0006582534988410771, "validation_psavg_f_mae": 0.0006006598123349249, "validation_H_f_rmse": 0.0009971975814551115, "validation_B_f_rmse": 0.000854157842695713, "validation_C_f_rmse": 0.0010013512801378965, "validation_O_f_rmse": 0.0011436610948294401, "validation_psavg_f_rmse": 0.0009990918915718794, "validation_e_mae": 0.0004064982058480382, "validation_e/N_mae": 6.7749697336694226e-06, "_timestamp": 1657571708, "_runtime": 18929, "_step": 77, "training_loss_f": 0.0017951540648937225, "training_loss_e": 6.8321742219268344e-06, "training_loss": 0.0018019862473011017, "training_f_mae": 0.001053570886142552, "training_f_rmse": 0.001607889891602099, "training_H_f_mae": 0.0008680442115291953, "training_B_f_mae": 0.001014571520499885, "training_C_f_mae": 0.00128213653806597, "training_O_f_mae": 0.0013001722982153296, "training_psavg_f_mae": 0.001116231200285256, "training_H_f_rmse": 0.0014700404135510325, "training_B_f_rmse": 0.0013664702419191599, "training_C_f_rmse": 0.0017614802345633507, "training_O_f_rmse": 0.0018688018899410963, "training_psavg_f_rmse": 0.0016166982240974903, "training_e_mae": 0.004633837379515171, "training_e/N_mae": 7.723062299191952e-05}