{"LR": 0.005, "epoch": 50, "wall": 490.9366211260203, "cumulative_wall": 490.9366211260203, "validation_loss_f": 0.001412397250533104, "validation_loss_e": 3.5600916703515395e-07, "validation_loss": 0.0014127531321719289, "validation_f_mae": 0.0008633313118480146, "validation_f_rmse": 0.0014049597084522247, "validation_H_f_mae": 0.0007587318541482091, "validation_B_f_mae": 0.0, "validation_C_f_mae": 0.0009574707364663482, "validation_psavg_f_mae": 0.0005720675690099597, "validation_H_f_rmse": 0.0013291215291246772, "validation_B_f_rmse": 0.0, "validation_C_f_rmse": 0.001469872542656958, "validation_psavg_f_rmse": 0.0009329980239272118, "validation_e_mae": 0.0006868463242426515, "validation_e/N_mae": 1.8074901163345203e-05, "_timestamp": 1659045284, "_runtime": 499, "_step": 50, "training_loss_f": 0.003048783168196678, "training_loss_e": 2.0740177205880173e-05, "training_loss": 0.0030695232562720776, "training_f_mae": 0.0013658619718626142, "training_f_rmse": 0.00206584669649601, "training_H_f_mae": 0.0010946511756628752, "training_B_f_mae": 0.0, "training_C_f_mae": 0.0016099519561976194, "training_psavg_f_mae": 0.0009015343966893852, "training_H_f_rmse": 0.0017623048042878509, "training_B_f_rmse": 0.0, "training_C_f_rmse": 0.002305109053850174, "training_psavg_f_rmse": 0.0013558047357946634, "training_e_mae": 0.004621859639883041, "training_e/N_mae": 0.00012162793427705765, "_wandb": {"runtime": 500}}