{"LR": 0.005, "epoch": 50, "wall": 492.895525689004, "cumulative_wall": 492.895525689004, "validation_loss_f": 0.0014520622789859772, "validation_loss_e": 3.076758900988352e-07, "validation_loss": 0.0014523701975122094, "validation_f_mae": 0.0008980976999737322, "validation_f_rmse": 0.0014370942953974009, "validation_H_f_mae": 0.0007777840946801007, "validation_B_f_mae": 0.0, "validation_C_f_mae": 0.0010063797235488892, "validation_psavg_f_mae": 0.0005947212921455503, "validation_H_f_rmse": 0.0013230597833171487, "validation_B_f_rmse": 0.0, "validation_C_f_rmse": 0.001532487221993506, "validation_psavg_f_rmse": 0.0009518490405753255, "validation_e_mae": 0.0006639580242335796, "validation_e/N_mae": 1.7472584659117274e-05, "_timestamp": 1659045849, "_runtime": 498, "_step": 50, "training_loss_f": 0.002716003218665719, "training_loss_e": 5.844088263984304e-06, "training_loss": 0.0027218470349907875, "training_f_mae": 0.00135082530323416, "training_f_rmse": 0.0019649167079478502, "training_H_f_mae": 0.0010661642299965024, "training_B_f_mae": 0.0, "training_C_f_mae": 0.0016070192214101553, "training_psavg_f_mae": 0.0008910612086765468, "training_H_f_rmse": 0.001673729857429862, "training_B_f_rmse": 0.0, "training_C_f_rmse": 0.002194190863519907, "training_psavg_f_rmse": 0.0012893069069832563, "training_e_mae": 0.002493819687515497, "training_e/N_mae": 6.562684575328603e-05, "_wandb": {"runtime": 500}}