{"LR": 0.005, "epoch": 1000, "wall": 155016.04415625002, "cumulative_wall": 155016.04415625002, "validation_loss_f": 0.00037388200871646404, "validation_loss_e": 1.310700952217303e-07, "validation_loss": 0.00037401309236884117, "validation_f_mae": 0.0002643883053679019, "validation_f_rmse": 0.0007236619130708277, "validation_H_f_mae": 0.00025669197202660143, "validation_B_f_mae": 0.0, "validation_C_f_mae": 0.00027131495880894363, "validation_psavg_f_mae": 0.00017600231512915343, "validation_H_f_rmse": 0.0007698334520682693, "validation_B_f_rmse": 0.0, "validation_C_f_rmse": 0.0006794302025809884, "validation_psavg_f_rmse": 0.00048308787518180907, "validation_e_mae": 0.00043126154923811555, "validation_e/N_mae": 1.1348989573889412e-05, "_timestamp": 1657737502, "_runtime": 155025, "_step": 1000, "training_loss_f": 0.0004445319063961506, "training_loss_e": 6.286865300353384e-06, "training_loss": 0.0004508188576437533, "training_f_mae": 0.00048780240467749536, "training_f_rmse": 0.0007884830702096224, "training_H_f_mae": 0.00041666082688607275, "training_B_f_mae": 0.0, "training_C_f_mae": 0.0005518297548405826, "training_psavg_f_mae": 0.0003228301939088851, "training_H_f_rmse": 0.0007697803666815162, "training_B_f_rmse": 0.0, "training_C_f_rmse": 0.0008049442549236119, "training_psavg_f_rmse": 0.0005249082460068166, "training_e_mae": 0.0026509780436754227, "training_e/N_mae": 6.976257282076403e-05, "_wandb": {"runtime": 155026}}