{"LR": 0.005, "epoch": 50, "wall": 449.01869264800916, "cumulative_wall": 449.01869264800916, "validation_loss_f": 0.0017225340707227588, "validation_loss_e": 3.9629387060813315e-07, "validation_loss": 0.0017229304648935795, "validation_f_mae": 0.0009246982517652214, "validation_f_rmse": 0.0015608544927090406, "validation_H_f_mae": 0.0008271844708360732, "validation_B_f_mae": 0.0, "validation_C_f_mae": 0.0010124604450538754, "validation_psavg_f_mae": 0.0006132150301709771, "validation_H_f_rmse": 0.0015195023734122515, "validation_B_f_rmse": 0.0, "validation_C_f_rmse": 0.0015971559332683682, "validation_psavg_f_rmse": 0.0010388861410319805, "validation_e_mae": 0.0007763913017697632, "validation_e/N_mae": 2.043135100393556e-05, "_timestamp": 1659046352, "_runtime": 455, "_step": 50, "training_loss_f": 0.0028611673042178154, "training_loss_e": 5.0666017159528565e-06, "training_loss": 0.002866234164685011, "training_f_mae": 0.0013909857952967286, "training_f_rmse": 0.0020105044823139906, "training_H_f_mae": 0.0010898279724642634, "training_B_f_mae": 0.0, "training_C_f_mae": 0.001662028138525784, "training_psavg_f_mae": 0.0009172853897325695, "training_H_f_rmse": 0.0016687411116436124, "training_B_f_rmse": 0.0, "training_C_f_rmse": 0.0022746019531041384, "training_psavg_f_rmse": 0.0013144477270543575, "training_e_mae": 0.0025295978412032127, "training_e/N_mae": 6.656835466856137e-05, "_wandb": {"runtime": 456}}